﻿<?xml version="1.0" encoding="utf-8"?>
<unattend xmlns="urn:schemas-microsoft-com:unattend" xmlns:wcm="http://schemas.microsoft.com/WMIConfig/2002/State">
  <settings pass="windowsPE">
    <component name="Microsoft-Windows-International-Core-WinPE" processorArchitecture="amd64" publicKeyToken="31bf3856ad364e35" language="neutral" versionScope="nonSxS">
      <SetupUILanguage>
        <UILanguage>pt-BR</UILanguage>
      </SetupUILanguage>
      <InputLocale>0416:00010416</InputLocale>
      <SystemLocale>pt-BR</SystemLocale>
      <UILanguage>pt-BR</UILanguage>
      <UserLocale>pt-BR</UserLocale>
    </component>
    <component name="Microsoft-Windows-Setup" processorArchitecture="amd64" publicKeyToken="31bf3856ad364e35" language="neutral" versionScope="nonSxS">
      <DiskConfiguration>
        <WillShowUI>OnError</WillShowUI>
        <Disk wcm:action="add">
          <CreatePartitions>
            <!-- Recovery/utility partition -->
            <CreatePartition wcm:action="add">
              <Order>1</Order>
              <Type>Primary</Type>
              <Size>500</Size>
            </CreatePartition>
            <!-- EFI system partition -->
            <CreatePartition wcm:action="add">
              <Order>2</Order>
              <Type>EFI</Type>
              <Size>100</Size>
            </CreatePartition>
            <!-- Microsoft reserved partition (MSR) -->
            <CreatePartition wcm:action="add">
              <Order>3</Order>
              <Type>MSR</Type>
              <Size>16</Size>
            </CreatePartition>
            <!-- Windows partition -->
            <CreatePartition wcm:action="add">
              <Order>4</Order>
              <Type>Primary</Type>
              <Extend>true</Extend>
            </CreatePartition>
          </CreatePartitions>
          <ModifyPartitions>
            <!-- Recovery/utility partition -->
            <ModifyPartition wcm:action="add">
              <Order>1</Order>
              <PartitionID>1</PartitionID>
              <Label>Recovery</Label>
              <Format>NTFS</Format>
              <TypeID>DE94BBA4-06D1-4D40-A16A-BFD50179D6AC</TypeID>
            </ModifyPartition>
            <!-- EFI system partition -->
            <ModifyPartition wcm:action="add">
              <Order>2</Order>
              <PartitionID>2</PartitionID>
              <Label>System</Label>
              <Format>FAT32</Format>
            </ModifyPartition>
            <!-- Microsoft reserved partition (MSR) -->
            <ModifyPartition wcm:action="add">
              <Order>3</Order>
              <PartitionID>3</PartitionID>
            </ModifyPartition>
            <!-- Windows partition -->
            <ModifyPartition wcm:action="add">
              <Order>4</Order>
              <PartitionID>4</PartitionID>
              <Label>Windows</Label>
              <Format>NTFS</Format>
              <Letter>C</Letter>
            </ModifyPartition>
          </ModifyPartitions>
          <DiskID>0</DiskID>
          <WillWipeDisk>true</WillWipeDisk>
        </Disk>
      </DiskConfiguration>
      <ImageInstall>
        <OSImage>
          <InstallTo>
            <DiskID>0</DiskID>
            <PartitionID>4</PartitionID>
          </InstallTo>
        </OSImage>
      </ImageInstall>
      <UserData>
        <ProductKey>
          <WillShowUI>OnError</WillShowUI>
          <Key>VK7JG-NPHTM-C97JM-9MPGT-3V66T</Key>
        </ProductKey>
        <AcceptEula>true</AcceptEula>
      </UserData>
    </component>
  </settings>
  <settings pass="offlineServicing" />
  <settings pass="specialize" />
  <settings pass="oobeSystem">
    <component name="Microsoft-Windows-International-Core" processorArchitecture="amd64" publicKeyToken="31bf3856ad364e35" language="neutral" versionScope="nonSxS">
      <InputLocale>0416:00010416</InputLocale>
      <SystemLocale>pt-BR</SystemLocale>
      <UILanguage>pt-BR</UILanguage>
      <UserLocale>pt-BR</UserLocale>
    </component>
    <component name="Microsoft-Windows-Shell-Setup" processorArchitecture="amd64" publicKeyToken="31bf3856ad364e35" language="neutral" versionScope="nonSxS">
      <UserAccounts>
        <AdministratorPassword>
          <Value>password</Value>
          <PlainText>true</PlainText>
        </AdministratorPassword>
        <LocalAccounts />
      </UserAccounts>
      <AutoLogon>
        <Username>Administrator</Username>
        <Enabled>true</Enabled>
        <LogonCount>1</LogonCount>
        <Password>
          <Value>password</Value>
          <PlainText>true</PlainText>
        </Password>
      </AutoLogon>
      <OOBE>
        <HideEULAPage>true</HideEULAPage>
        <HideLocalAccountScreen>true</HideLocalAccountScreen>
        <HideOnlineAccountScreens>true</HideOnlineAccountScreens>
        <HideWirelessSetupInOOBE>true</HideWirelessSetupInOOBE>
        <ProtectYourPC>3</ProtectYourPC>
        <NetworkLocation>Home</NetworkLocation>
      </OOBE>
    </component>
  </settings>
</unattend>